name,email
North Sydney GP,reception@northsydneygp.com.au
Sydney CBD Medical Centre,reception@sydneycbdmedicalcentre.com.au
Observatory Tower Medical Centre,enquiries@otmc.com.au
Boronia Park Doctors,info@boroniaparkdoctors.com.au
One Point Medical,reception@onepointmedical.com.au
Melbourne City Medical Centre,melbournecitymedicalcentre@gmail.com
South Melbourne Medical Hub,admin@southmelbournemedicalhub.com.au
Station Medical Clinic Chatswood,reception@stationmedicalclinic.com
East Brisbane Medical Centre,reception@eastbrisbanemedical.com.au
Queen Street Medical Centre Brisbane,admin@queenstmed.com.au
Next Practice Sydney,sydney@nextpracticehealth.com
Sonder Private Clinic Brisbane,brisbane@sonderprivateclinic.com
DiagnostiCare Radiology Melbourne,info@diagnosticare.com.au
Radiology Imaging Solutions,info@ris.com.au
Melbourne Pathology,ar@mps.com.au
Sydney Dental Surgeons,reception@sydneydentalsurgeons.com.au
Royal Dental Hospital Melbourne,info@dhsv.org.au
The Alignment Studio Melbourne,reception@thealignmentstudio.com.au
Backfocus Physiotherapy Melbourne,info@backfocus.com.au
Alfred Imaging Five Dock,enquiries@aifivedock.com.au
Alfred Imaging Newtown,enquiries@ainewtown.com.au
Australian Family Health Care,admin@afhc.com.au
Healthcare Australia,commcare.enquiries@healthcareaustralia.com.au
Merthyr Medical New Farm,admin@merthyrmedical.com
Dimos Lawyers Melbourne,enquiries@dimos.com.au
Velocity Legal Melbourne,office@velocitylegal.com.au
Coulter Legal Melbourne,info@coulterlegal.com.au
Nevile & Co Lawyers Melbourne,nevileco@nevile.com.au
Goldsmiths Lawyers Melbourne,reception@goldlaw.com.au
Taussig Cherrie Fildes Melbourne,famlaw@tcflawyers.com.au
Danaher Moulton Lawyers Melbourne,info@danahermoulton.com.au
Azure Group Accounting Sydney,ourteam@azuregroup.com.au
Simeoni Accounting Sydney,simeonico@simeoni.com.au
HFB Group Accounting Brisbane,team@hfbgroup.com.au
Rudd Mantell Accounting Brisbane,admin@ruddmantell.com.au
CAAA Accounting Brisbane,admin-brisbane@caaa.biz
